solver,success,iters,pos_err,ori_err,time_ms
JacobianIKSolver,True,1,0.0,0.0,0.06175041198730469
FABRIKSolver,True,1,0.0,0.0,0.44846534729003906
JacobianIKSolver,True,1,0.0,0.0,0.026941299438476562
FABRIKSolver,True,1,0.0,0.0,0.35572052001953125
JacobianIKSolver,True,1,0.0,0.0,0.024557113647460938
FABRIKSolver,True,1,0.0,0.0,0.36025047302246094
JacobianIKSolver,True,1,0.0,0.0,0.024557113647460938
FABRIKSolver,True,1,0.0,0.0,0.3437995910644531
JacobianIKSolver,True,1,0.0,0.0,0.024080276489257812
FABRIKSolver,True,1,0.0,0.0,0.35381317138671875
JacobianIKSolver,True,1,0.0,0.0,0.024080276489257812
FABRIKSolver,True,1,0.0,0.0,0.3409385681152344
JacobianIKSolver,True,1,0.0,0.0,0.02288818359375
FABRIKSolver,True,1,0.0,0.0,0.35452842712402344
JacobianIKSolver,True,1,0.0,0.0,0.024080276489257812
FABRIKSolver,True,1,0.0,0.0,0.3399848937988281
JacobianIKSolver,True,1,0.0,0.0,0.023126602172851562
FABRIKSolver,True,1,0.0,0.0,0.34999847412109375
JacobianIKSolver,True,1,0.0,0.0,0.023365020751953125
FABRIKSolver,True,1,0.0,0.0,0.339508056640625
JacobianIKSolver,True,1,0.0,0.0,0.022411346435546875
FABRIKSolver,True,1,0.0,0.0,0.3399848937988281
JacobianIKSolver,True,1,0.0,0.0,0.024318695068359375
FABRIKSolver,True,1,0.0,0.0,0.3421306610107422
JacobianIKSolver,True,1,0.0,0.0,0.022649765014648438
FABRIKSolver,True,1,0.0,0.0,0.33974647521972656
JacobianIKSolver,True,1,0.0,0.0,0.02288818359375
FABRIKSolver,True,1,0.0,0.0,0.34427642822265625
JacobianIKSolver,True,1,0.0,0.0,0.031948089599609375
FABRIKSolver,True,1,0.0,0.0,0.38623809814453125
JacobianIKSolver,True,1,0.0,0.0,0.023603439331054688
FABRIKSolver,True,1,0.0,0.0,0.3459453582763672
JacobianIKSolver,True,1,0.0,0.0,0.021696090698242188
FABRIKSolver,True,1,0.0,0.0,0.33855438232421875
JacobianIKSolver,True,1,0.0,0.0,0.0209808349609375
FABRIKSolver,True,1,0.0,0.0,0.3414154052734375
JacobianIKSolver,True,1,0.0,0.0,0.021696090698242188
FABRIKSolver,True,1,0.0,0.0,0.33473968505859375
JacobianIKSolver,True,1,0.0,0.0,0.0209808349609375
FABRIKSolver,True,1,0.0,0.0,0.34499168395996094
JacobianIKSolver,True,1,0.0,0.0,0.021219253540039062
FABRIKSolver,True,1,0.0,0.0,0.33473968505859375
JacobianIKSolver,True,1,0.0,0.0,0.0209808349609375
FABRIKSolver,True,1,0.0,0.0,0.3609657287597656
JacobianIKSolver,True,1,0.0,0.0,0.022172927856445312
FABRIKSolver,True,1,0.0,0.0,0.34332275390625
JacobianIKSolver,True,1,0.0,0.0,0.021457672119140625
FABRIKSolver,True,1,0.0,0.0,0.33855438232421875
JacobianIKSolver,True,1,0.0,0.0,0.022172927856445312
FABRIKSolver,True,1,0.0,0.0,0.3268718719482422
JacobianIKSolver,True,1,0.0,0.0,0.020503997802734375
FABRIKSolver,True,1,0.0,0.0,0.3230571746826172
JacobianIKSolver,True,1,0.0,0.0,0.02002716064453125
FABRIKSolver,True,1,0.0,0.0,0.3349781036376953
JacobianIKSolver,True,1,0.0,0.0,0.021219253540039062
FABRIKSolver,True,1,0.0,0.0,0.3261566162109375
JacobianIKSolver,True,1,0.0,0.0,0.02002716064453125
FABRIKSolver,True,1,0.0,0.0,0.33354759216308594
JacobianIKSolver,True,1,0.0,0.0,0.021219253540039062
FABRIKSolver,True,1,0.0,0.0,0.3287792205810547
JacobianIKSolver,True,1,0.0,0.0,0.02002716064453125
FABRIKSolver,True,1,0.0,0.0,0.32806396484375
JacobianIKSolver,True,1,0.0,0.0,0.021457672119140625
FABRIKSolver,True,1,0.0,0.0,0.3294944763183594
JacobianIKSolver,True,1,0.0,0.0,0.020265579223632812
FABRIKSolver,True,1,0.0,0.0,0.32782554626464844
JacobianIKSolver,True,1,0.0,0.0,0.020742416381835938
FABRIKSolver,True,1,0.0,0.0,0.33736228942871094
JacobianIKSolver,True,1,0.0,0.0,0.020265579223632812
FABRIKSolver,True,1,0.0,0.0,0.3294944763183594
JacobianIKSolver,True,1,0.0,0.0,0.02002716064453125
FABRIKSolver,True,1,0.0,0.0,0.3445148468017578
JacobianIKSolver,True,1,0.0,0.0,0.021219253540039062
FABRIKSolver,True,1,0.0,0.0,0.32973289489746094
JacobianIKSolver,True,1,0.0,0.0,0.02002716064453125
FABRIKSolver,True,1,0.0,0.0,0.3368854522705078
JacobianIKSolver,True,1,0.0,0.0,0.020265579223632812
FABRIKSolver,True,1,0.0,0.0,0.3275871276855469
JacobianIKSolver,True,1,0.0,0.0,0.019550323486328125
FABRIKSolver,True,1,0.0,0.0,0.3261566162109375
JacobianIKSolver,True,1,0.0,0.0,0.019788742065429688
FABRIKSolver,True,1,0.0,0.0,0.3323554992675781
JacobianIKSolver,True,1,0.0,0.0,0.019550323486328125
FABRIKSolver,True,1,0.0,0.0,0.32639503479003906
JacobianIKSolver,True,1,0.0,0.0,0.020503997802734375
FABRIKSolver,True,1,0.0,0.0,0.3323554992675781
JacobianIKSolver,True,1,0.0,0.0,0.020742416381835938
FABRIKSolver,True,1,0.0,0.0,0.3266334533691406
JacobianIKSolver,True,1,0.0,0.0,0.020503997802734375
FABRIKSolver,True,1,0.0,0.0,0.3261566162109375
JacobianIKSolver,True,1,0.0,0.0,0.020265579223632812
FABRIKSolver,True,1,0.0,0.0,0.3268718719482422
JacobianIKSolver,True,1,0.0,0.0,0.019788742065429688
FABRIKSolver,True,1,0.0,0.0,0.3273487091064453
JacobianIKSolver,True,1,0.0,0.0,0.020265579223632812
FABRIKSolver,True,1,0.0,0.0,0.33402442932128906
JacobianIKSolver,True,1,0.0,0.0,0.020265579223632812
FABRIKSolver,True,1,0.0,0.0,0.32830238342285156
JacobianIKSolver,True,1,0.0,0.0,0.019788742065429688
FABRIKSolver,True,1,0.0,0.0,0.33402442932128906
